{
  "overall": {
    "macro_f1": 0.6467866657346796,
    "micro_f1": 0.6720454609111424,
    "per_label_f1": {
      "anger": 0.7263383115422722,
      "disgust": 0.6093406593406594,
      "fear": 0.6616580796802007,
      "joy": 0.5835002568053415,
      "sadness": 0.6525993525993526,
      "surprise": 0.5976647834274953
    },
    "n_samples": 830,
    "loss": 0.2122871225269941
  },
  "per_language": {
    "arq": {
      "macro_f1": 0.55724126344816,
      "micro_f1": 0.5851063829787234,
      "per_label_f1": {
        "anger": 0.5862068965517241,
        "disgust": 0.46153846153846156,
        "fear": 0.7241379310344828,
        "joy": 0.36363636363636365,
        "sadness": 0.5945945945945946,
        "surprise": 0.6133333333333333
      },
      "n_samples": 200
    },
    "deu": {
      "macro_f1": 0.6249224213769528,
      "micro_f1": 0.680373831775701,
      "per_label_f1": {
        "anger": 0.7540983606557377,
        "disgust": 0.7571428571428571,
        "fear": 0.49056603773584906,
        "joy": 0.675,
        "sadness": 0.6727272727272727,
        "surprise": 0.4
      },
      "n_samples": 400
    },
    "eng": {
      "macro_f1": 0.7581963123789259,
      "micro_f1": 0.7506561679790026,
      "per_label_f1": {
        "anger": 0.8387096774193549,
        "fear": 0.7702702702702703,
        "joy": 0.711864406779661,
        "sadness": 0.6904761904761905,
        "surprise": 0.7796610169491526
      },
      "n_samples": 230
    }
  },
  "valid_labels": {
    "arq": [
      "anger",
      "disgust",
      "fear",
      "joy",
      "sadness",
      "surprise"
    ],
    "deu": [
      "anger",
      "disgust",
      "fear",
      "joy",
      "sadness",
      "surprise"
    ],
    "eng": [
      "anger",
      "fear",
      "joy",
      "sadness",
      "surprise"
    ]
  }
}