{
  "overall": {
    "macro_f1": 0.6681514346316603,
    "micro_f1": 0.7081016624397497,
    "per_label_f1": {
      "anger": 0.6846304607498638,
      "disgust": 0.6888888888888889,
      "fear": 0.6182549834772413,
      "joy": 0.6911508595078576,
      "sadness": 0.70375055285272,
      "surprise": 0.6079714772243507
    },
    "n_samples": 564,
    "loss": 0.18540011511908638
  },
  "per_language": {
    "arq": {
      "macro_f1": 0.6346263721490583,
      "micro_f1": 0.6520376175548589,
      "per_label_f1": {
        "anger": 0.6538461538461539,
        "disgust": 0.5777777777777777,
        "fear": 0.55,
        "joy": 0.6206896551724138,
        "sadness": 0.7157894736842105,
        "surprise": 0.6896551724137931
      },
      "n_samples": 81
    },
    "deu": {
      "macro_f1": 0.6381548875899158,
      "micro_f1": 0.7070707070707071,
      "per_label_f1": {
        "anger": 0.803030303030303,
        "disgust": 0.8,
        "fear": 0.4745762711864407,
        "joy": 0.7254901960784313,
        "sadness": 0.6554621848739496,
        "surprise": 0.37037037037037035
      },
      "n_samples": 234
    },
    "eng": {
      "macro_f1": 0.7316730441560068,
      "micro_f1": 0.7651966626936829,
      "per_label_f1": {
        "anger": 0.5970149253731343,
        "fear": 0.8301886792452831,
        "joy": 0.7272727272727273,
        "sadness": 0.74,
        "surprise": 0.7638888888888888
      },
      "n_samples": 249
    }
  }
}